[{"company":"1JANATAMF","lastTrade":"6.00","changeAmount":"0.00","changePercent":"0.00%"},{"company":"1STPRIMFMF","lastTrade":"25.80","changeAmount":"0.10","changePercent":"0.39%"},{"company":"4THICB","lastTrade":"200.60","changeAmount":"10.10","changePercent":"5.30%"},{"company":"5THICB","lastTrade":"160.00","changeAmount":"2.10","changePercent":"1.33%"},{"company":"6THICB","lastTrade":"52.30","changeAmount":"0.30","changePercent":"0.58%"},{"company":"8THICB","lastTrade":"52.60","changeAmount":"0.30","changePercent":"0.57%"},{"company":"AAMRATECH","lastTrade":"36.50","changeAmount":"0.00","changePercent":"0.00%"},{"company":"ABB1STMF","lastTrade":"7.00","changeAmount":"0.00","changePercent":"0.00%"},{"company":"ABBANK","lastTrade":"25.80","changeAmount":"-0.20","changePercent":"-0.77%"},{"company":"ACIFORMULA","lastTrade":"79.10","changeAmount":"-0.90","changePercent":"-1.13%"},{"company":"ACIZCBOND","lastTrade":"900.00","changeAmount":"0.00","changePercent":"0.00%"},{"company":"ACTIVEFINE","lastTrade":"83.00","changeAmount":"-0.70","changePercent":"-0.84%"},{"company":"AFTABAUTO","lastTrade":"85.90","changeAmount":"-0.80","changePercent":"-0.92%"},{"company":"AGNISYSL","lastTrade":"23.30","changeAmount":"-0.20","changePercent":"-0.85%"},{"company":"AGRANINS","lastTrade":"27.00","changeAmount":"-0.10","changePercent":"-0.37%"},{"company":"AIBL1STIMF","lastTrade":"7.20","changeAmount":"0.00","changePercent":"0.00%"},{"company":"AIMS1STMF","lastTrade":"41.40","changeAmount":"-0.30","changePercent":"-0.72%"},{"company":"AL-HAJTEX","lastTrade":"73.00","changeAmount":"-0.40","changePercent":"-0.54%"},{"company":"ALARABANK","lastTrade":"19.10","changeAmount":"-0.10","changePercent":"-0.52%"},{"company":"ALLTEX","lastTrade":"7.30","changeAmount":"0.00","changePercent":"0.00%"},{"company":"AMCL","lastTrade":"PRAN","changeAmount":"183.50","changePercent":"-1.90%"},{"company":"ANLIMAYARN","lastTrade":"27.00","changeAmount":"0.00","changePercent":"0.00%"},{"company":"ANWARGALV","lastTrade":"31.00","changeAmount":"0.30","changePercent":"0.98%"},{"company":"APEXADELFT","lastTrade":"414.20","changeAmount":"-8.00","changePercent":"-1.89%"},{"company":"APEXFOODS","lastTrade":"94.70","changeAmount":"-2.00","changePercent":"-2.07%"},{"company":"APEXTANRY","lastTrade":"124.20","changeAmount":"-2.60","changePercent":"-2.05%"},{"company":"APOLOISPAT","lastTrade":"38.50","changeAmount":"0.40","changePercent":"1.05%"},{"company":"ARAMIT","lastTrade":"346.00","changeAmount":"8.30","changePercent":"2.46%"},{"company":"ARAMITCEM","lastTrade":"82.20","changeAmount":"-0.10","changePercent":"-0.12%"},{"company":"ARGONDENIM","lastTrade":"97.00","changeAmount":"-1.20","changePercent":"-1.22%"},{"company":"ASIAINS","lastTrade":"28.00","changeAmount":"-0.10","changePercent":"-0.36%"},{"company":"ASIAPACINS","lastTrade":"28.80","changeAmount":"-0.90","changePercent":"-3.03%"},{"company":"ATLASBANG","lastTrade":"150.10","changeAmount":"-1.50","changePercent":"-0.99%"},{"company":"AZIZPIPES","lastTrade":"20.40","changeAmount":"-0.80","changePercent":"-3.77%"},{"company":"BANGAS","lastTrade":"480.40","changeAmount":"-0.60","changePercent":"-0.12%"},{"company":"BANKASIA","lastTrade":"22.30","changeAmount":"0.20","changePercent":"0.90%"},{"company":"BATASHOE","lastTrade":"683.00","changeAmount":"-9.40","changePercent":"-1.36%"},{"company":"BAYLEASING","lastTrade":"37.60","changeAmount":"1.50","changePercent":"4.16%"},{"company":"BDAUTOCA","lastTrade":"29.10","changeAmount":"-3.20","changePercent":"-9.91%"},{"company":"BDBUILDING","lastTrade":"70.50","changeAmount":"-1.20","changePercent":"-1.67%"},{"company":"BDCOM","lastTrade":"31.20","changeAmount":"-0.20","changePercent":"-0.64%"},{"company":"BDFINANCE","lastTrade":"18.70","changeAmount":"0.00","changePercent":"0.00%"},{"company":"BDTHAI","lastTrade":"30.70","changeAmount":"-0.30","changePercent":"-0.97%"},{"company":"BDWELDING","lastTrade":"23.80","changeAmount":"-0.10","changePercent":"-0.42%"},{"company":"BEACHHATCH","lastTrade":"31.00","changeAmount":"0.10","changePercent":"0.32%"},{"company":"BEACONPHAR","lastTrade":"12.90","changeAmount":"-0.20","changePercent":"-1.53%"},{"company":"BEDL","lastTrade":"34.10","changeAmount":"-0.40","changePercent":"-1.16%"},{"company":"BENGALWTL","lastTrade":"64.00","changeAmount":"1.70","changePercent":"2.73%"},{"company":"BEXIMCO","lastTrade":"32.50","changeAmount":"-0.30","changePercent":"-0.91%"},{"company":"BGIC","lastTrade":"29.00","changeAmount":"-0.30","changePercent":"-1.02%"},{"company":"BIFC","lastTrade":"17.10","changeAmount":"-0.10","changePercent":"-0.58%"},{"company":"BRACBANK","lastTrade":"32.50","changeAmount":"0.00","changePercent":"0.00%"},{"company":"BSC","lastTrade":"414.00","changeAmount":"-2.75","changePercent":"-0.66%"},{"company":"BSCCL","lastTrade":"159.80","changeAmount":"-1.20","changePercent":"-0.75%"},{"company":"BSRMSTEEL","lastTrade":"68.00","changeAmount":"-0.50","changePercent":"-0.73%"},{"company":"BXPHARMA","lastTrade":"46.30","changeAmount":"-0.50","changePercent":"-1.07%"},{"company":"BXSYNTH","lastTrade":"16.90","changeAmount":"-0.20","changePercent":"-1.17%"},{"company":"CENTRALINS","lastTrade":"29.70","changeAmount":"0.10","changePercent":"0.34%"},{"company":"CENTRALPHL","lastTrade":"44.50","changeAmount":"-1.30","changePercent":"-2.84%"},{"company":"CITYBANK","lastTrade":"19.90","changeAmount":"-0.10","changePercent":"-0.50%"},{"company":"CITYGENINS","lastTrade":"27.20","changeAmount":"-0.20","changePercent":"-0.73%"},{"company":"CMCKAMAL","lastTrade":"33.00","changeAmount":"-0.50","changePercent":"-1.49%"},{"company":"CONFIDCEM","lastTrade":"123.50","changeAmount":"0.20","changePercent":"0.16%"},{"company":"CONTININS","lastTrade":"29.00","changeAmount":"-0.30","changePercent":"-1.02%"},{"company":"CVOPRL","lastTrade":"616.20","changeAmount":"-49.00","changePercent":"-7.37%"},{"company":"DACCADYE","lastTrade":"25.10","changeAmount":"-0.40","changePercent":"-1.57%"},{"company":"DAFODILCOM","lastTrade":"14.00","changeAmount":"-0.20","changePercent":"-1.41%"},{"company":"DBH","lastTrade":"54.00","changeAmount":"0.40","changePercent":"0.75%"},{"company":"DBH1STMF","lastTrade":"5.70","changeAmount":"0.10","changePercent":"1.79%"},{"company":"DELTALIFE","lastTrade":"256.80","changeAmount":"-1.10","changePercent":"-0.43%"},{"company":"DELTASPINN","lastTrade":"38.00","changeAmount":"-1.10","changePercent":"-2.81%"},{"company":"DESCO","lastTrade":"58.10","changeAmount":"-0.10","changePercent":"-0.17%"},{"company":"DESHBANDHU","lastTrade":"23.00","changeAmount":"-0.40","changePercent":"-1.71%"},{"company":"DHAKABANK","lastTrade":"18.50","changeAmount":"-0.10","changePercent":"-0.54%"},{"company":"DHAKAINS","lastTrade":"40.70","changeAmount":"0.10","changePercent":"0.25%"},{"company":"DSHGARME","lastTrade":"62.30","changeAmount":"-0.40","changePercent":"-0.64%"},{"company":"DULAMIACOT","lastTrade":"7.60","changeAmount":"-0.20","changePercent":"-2.56%"},{"company":"DUTCHBANGL","lastTrade":"103.30","changeAmount":"-1.40","changePercent":"-1.34%"},{"company":"EASTLAND","lastTrade":"47.00","changeAmount":"-0.30","changePercent":"-0.63%"},{"company":"EBL","lastTrade":"28.00","changeAmount":"0.10","changePercent":"0.36%"},{"company":"EBL1STMF","lastTrade":"7.10","changeAmount":"0.00","changePercent":"0.00%"},{"company":"EBLNRBMF","lastTrade":"7.50","changeAmount":"0.00","changePercent":"0.00%"},{"company":"ECABLES","lastTrade":"82.60","changeAmount":"0.20","changePercent":"0.24%"},{"company":"EHL","lastTrade":"49.20","changeAmount":"0.30","changePercent":"0.61%"},{"company":"ENVOYTEX","lastTrade":"55.20","changeAmount":"-1.00","changePercent":"-1.78%"},{"company":"EXIMBANK","lastTrade":"12.10","changeAmount":"0.00","changePercent":"0.00%"},{"company":"FAMILYTEX","lastTrade":"58.30","changeAmount":"-3.00","changePercent":"-4.89%"},{"company":"FAREASTFIN","lastTrade":"16.60","changeAmount":"-0.10","changePercent":"-0.60%"},{"company":"FAREASTLIF","lastTrade":"96.10","changeAmount":"-1.10","changePercent":"-1.13%"},{"company":"FASFIN","lastTrade":"14.80","changeAmount":"0.00","changePercent":"0.00%"},{"company":"FEDERALINS","lastTrade":"24.10","changeAmount":"-0.40","changePercent":"-1.63%"},{"company":"FINEFOODS","lastTrade":"22.90","changeAmount":"-0.50","changePercent":"-2.14%"},{"company":"FIRSTSBANK","lastTrade":"14.90","changeAmount":"-0.10","changePercent":"-0.67%"},{"company":"FLEASEINT","lastTrade":"32.90","changeAmount":"0.40","changePercent":"1.23%"},{"company":"FUWANGCER","lastTrade":"20.80","changeAmount":"-0.50","changePercent":"-2.35%"},{"company":"FUWANGFOOD","lastTrade":"23.60","changeAmount":"-0.40","changePercent":"-1.67%"},{"company":"GBBPOWER","lastTrade":"30.30","changeAmount":"-0.30","changePercent":"-0.98%"},{"company":"GEMINISEA","lastTrade":"156.50","changeAmount":"6.10","changePercent":"4.06%"},{"company":"GENNEXT","lastTrade":"36.60","changeAmount":"-0.40","changePercent":"-1.08%"},{"company":"GHAIL","lastTrade":"45.10","changeAmount":"-0.40","changePercent":"-0.88%"},{"company":"GHCL","lastTrade":"57.30","changeAmount":"-0.30","changePercent":"-0.52%"},{"company":"GLAXOSMITH","lastTrade":"950.10","changeAmount":"-14.90","changePercent":"-1.54%"},{"company":"GLOBALINS","lastTrade":"28.10","changeAmount":"-0.20","changePercent":"-0.71%"},{"company":"GOLDENSON","lastTrade":"62.00","changeAmount":"1.80","changePercent":"2.99%"},{"company":"GP","lastTrade":"200.00","changeAmount":"-0.10","changePercent":"-0.05%"},{"company":"GPHISPAT","lastTrade":"53.80","changeAmount":"0.00","changePercent":"0.00%"},{"company":"GQBALLPEN","lastTrade":"142.20","changeAmount":"-1.00","changePercent":"-0.70%"},{"company":"GRAMEEN1","lastTrade":"46.00","changeAmount":"-0.70","changePercent":"-1.50%"},{"company":"GRAMEENS2","lastTrade":"18.00","changeAmount":"-0.20","changePercent":"-1.10%"},{"company":"GREENDELMF","lastTrade":"5.30","changeAmount":"0.00","changePercent":"0.00%"},{"company":"GREENDELT","lastTrade":"98.50","changeAmount":"-3.30","changePercent":"-3.24%"},{"company":"GSPFINANCE","lastTrade":"30.80","changeAmount":"0.00","changePercent":"0.00%"},{"company":"HAKKANIPUL","lastTrade":"34.50","changeAmount":"-0.30","changePercent":"-0.86%"},{"company":"HEIDELBCEM","lastTrade":"377.50","changeAmount":"0.60","changePercent":"0.16%"},{"company":"HRTEX","lastTrade":"42.00","changeAmount":"0.00","changePercent":"0.00%"},{"company":"IBBLPBOND","lastTrade":"971.00","changeAmount":"-4.75","changePercent":"-0.49%"},{"company":"IBNSINA","lastTrade":"99.50","changeAmount":"0.30","changePercent":"0.30%"},{"company":"ICB","lastTrade":"1433.00","changeAmount":"-18.75","changePercent":"-1.29%"},{"company":"ICB2NDNRB","lastTrade":"9.70","changeAmount":"0.10","changePercent":"1.04%"},{"company":"ICB3RDNRB","lastTrade":"5.20","changeAmount":"0.10","changePercent":"1.96%"},{"company":"ICBAMCL2ND","lastTrade":"6.10","changeAmount":"0.30","changePercent":"5.17%"},{"company":"ICBEPMF1S1","lastTrade":"5.90","changeAmount":"0.00","changePercent":"0.00%"},{"company":"ICBIBANK","lastTrade":"6.20","changeAmount":"0.10","changePercent":"1.64%"},{"company":"ICBSONALI1","lastTrade":"8.00","changeAmount":"0.10","changePercent":"1.27%"},{"company":"IDLC","lastTrade":"61.50","changeAmount":"-0.30","changePercent":"-0.49%"},{"company":"IFIC","lastTrade":"34.20","changeAmount":"-0.20","changePercent":"-0.58%"},{"company":"IFIC1STMF","lastTrade":"6.60","changeAmount":"0.00","changePercent":"0.00%"},{"company":"IFILISLMF1","lastTrade":"5.60","changeAmount":"0.00","changePercent":"0.00%"},{"company":"ILFSL","lastTrade":"15.00","changeAmount":"-0.10","changePercent":"-0.66%"},{"company":"INTECH","lastTrade":"16.60","changeAmount":"-0.20","changePercent":"-1.19%"},{"company":"IPDC","lastTrade":"19.70","changeAmount":"0.00","changePercent":"0.00%"},{"company":"ISLAMIBANK","lastTrade":"34.40","changeAmount":"0.20","changePercent":"0.58%"},{"company":"ISLAMICFIN","lastTrade":"17.90","changeAmount":"0.10","changePercent":"0.56%"},{"company":"ISLAMIINS","lastTrade":"32.40","changeAmount":"-0.50","changePercent":"-1.52%"},{"company":"ISNLTD","lastTrade":"19.30","changeAmount":"-0.30","changePercent":"-1.53%"},{"company":"JAMUNABANK","lastTrade":"15.90","changeAmount":"0.00","changePercent":"0.00%"},{"company":"JAMUNAOIL","lastTrade":"190.80","changeAmount":"-2.30","changePercent":"-1.19%"},{"company":"JANATAINS","lastTrade":"26.40","changeAmount":"-0.40","changePercent":"-1.49%"},{"company":"JMISMDL","lastTrade":"203.20","changeAmount":"-1.70","changePercent":"-0.83%"},{"company":"JUTESPINN","lastTrade":"77.00","changeAmount":"5.60","changePercent":"7.84%"},{"company":"KARNAPHULI","lastTrade":"24.40","changeAmount":"-0.20","changePercent":"-0.81%"},{"company":"KEYACOSMET","lastTrade":"27.80","changeAmount":"-0.40","changePercent":"-1.42%"},{"company":"KPCL","lastTrade":"48.50","changeAmount":"-0.70","changePercent":"-1.42%"},{"company":"LAFSURCEML","lastTrade":"31.40","changeAmount":"0.00","changePercent":"0.00%"},{"company":"LANKABAFIN","lastTrade":"63.90","changeAmount":"-0.20","changePercent":"-0.31%"},{"company":"LEGACYFOOT","lastTrade":"40.40","changeAmount":"-1.50","changePercent":"-3.58%"},{"company":"LIBRAINFU","lastTrade":"400.00","changeAmount":"-3.70","changePercent":"-0.92%"},{"company":"LRGLOBMF1","lastTrade":"7.00","changeAmount":"0.30","changePercent":"4.48%"},{"company":"MAKSONSPIN","lastTrade":"20.20","changeAmount":"-0.20","changePercent":"-0.98%"},{"company":"MALEKSPIN","lastTrade":"27.70","changeAmount":"0.10","changePercent":"0.36%"},{"company":"MARICO","lastTrade":"733.10","changeAmount":"-14.10","changePercent":"-1.89%"},{"company":"MBL1STMF","lastTrade":"6.20","changeAmount":"0.10","changePercent":"1.64%"},{"company":"MEGCONMILK","lastTrade":"8.10","changeAmount":"0.00","changePercent":"0.00%"},{"company":"MEGHNACEM","lastTrade":"140.20","changeAmount":"-2.70","changePercent":"-1.89%"},{"company":"MEGHNALIFE","lastTrade":"114.40","changeAmount":"1.30","changePercent":"1.15%"},{"company":"MERCANBANK","lastTrade":"16.40","changeAmount":"0.00","changePercent":"0.00%"},{"company":"MERCINS","lastTrade":"26.70","changeAmount":"-0.20","changePercent":"-0.74%"},{"company":"METROSPIN","lastTrade":"21.60","changeAmount":"-0.10","changePercent":"-0.46%"},{"company":"MICEMENT","lastTrade":"78.50","changeAmount":"-0.80","changePercent":"-1.01%"},{"company":"MIRACLEIND","lastTrade":"19.00","changeAmount":"-0.60","changePercent":"-3.06%"},{"company":"MITHUNKNIT","lastTrade":"77.80","changeAmount":"-1.70","changePercent":"-2.14%"},{"company":"MJLBD","lastTrade":"72.70","changeAmount":"-0.50","changePercent":"-0.68%"},{"company":"MONNOCERA","lastTrade":"34.00","changeAmount":"-0.40","changePercent":"-1.16%"},{"company":"MPETROLEUM","lastTrade":"208.40","changeAmount":"-1.10","changePercent":"-0.53%"},{"company":"MTBL","lastTrade":"15.90","changeAmount":"-0.10","changePercent":"-0.62%"},{"company":"NATLIFEINS","lastTrade":"296.00","changeAmount":"-3.70","changePercent":"-1.23%"},{"company":"NAVANACNG","lastTrade":"64.20","changeAmount":"-0.70","changePercent":"-1.08%"},{"company":"NBL","lastTrade":"11.70","changeAmount":"0.00","changePercent":"0.00%"},{"company":"NCCBANK","lastTrade":"13.00","changeAmount":"0.00","changePercent":"0.00%"},{"company":"NCCBLMF1","lastTrade":"8.40","changeAmount":"0.00","changePercent":"0.00%"},{"company":"NHFIL","lastTrade":"33.60","changeAmount":"0.50","changePercent":"1.51%"},{"company":"NLI1STMF","lastTrade":"9.20","changeAmount":"0.00","changePercent":"0.00%"},{"company":"NORTHERN","lastTrade":"59.40","changeAmount":"5.40","changePercent":"10.00%"},{"company":"NORTHRNINS","lastTrade":"40.00","changeAmount":"0.00","changePercent":"0.00%"},{"company":"NTLTUBES","lastTrade":"71.30","changeAmount":"-0.20","changePercent":"-0.28%"},{"company":"OLYMPIC","lastTrade":"145.20","changeAmount":"-2.30","changePercent":"-1.56%"},{"company":"ONEBANKLTD","lastTrade":"15.90","changeAmount":"-0.10","changePercent":"-0.62%"},{"company":"ORIONINFU","lastTrade":"40.70","changeAmount":"-0.20","changePercent":"-0.49%"},{"company":"ORIONPHARM","lastTrade":"58.70","changeAmount":"-0.60","changePercent":"-1.01%"},{"company":"PADMALIFE","lastTrade":"61.50","changeAmount":"-0.70","changePercent":"-1.13%"},{"company":"PADMAOIL","lastTrade":"260.30","changeAmount":"-5.50","changePercent":"-2.07%"},{"company":"PARAMOUNT","lastTrade":"24.10","changeAmount":"-0.60","changePercent":"-2.43%"},{"company":"PEOPLESINS","lastTrade":"33.50","changeAmount":"-0.10","changePercent":"-0.30%"},{"company":"PF1STMF","lastTrade":"5.40","changeAmount":"-0.10","changePercent":"-1.82%"},{"company":"PHARMAID","lastTrade":"158.40","changeAmount":"-0.50","changePercent":"-0.31%"},{"company":"PHENIXINS","lastTrade":"41.80","changeAmount":"0.00","changePercent":"0.00%"},{"company":"PHOENIXFIN","lastTrade":"34.00","changeAmount":"0.20","changePercent":"0.59%"},{"company":"PHPMF1","lastTrade":"5.50","changeAmount":"0.00","changePercent":"0.00%"},{"company":"PIONEERINS","lastTrade":"68.00","changeAmount":"-0.70","changePercent":"-1.02%"},{"company":"PLFSL","lastTrade":"23.50","changeAmount":"-0.10","changePercent":"-0.42%"},{"company":"POPULAR1MF","lastTrade":"6.00","changeAmount":"0.00","changePercent":"0.00%"},{"company":"POWERGRID","lastTrade":"52.00","changeAmount":"-1.00","changePercent":"-1.89%"},{"company":"PRAGATIINS","lastTrade":"54.10","changeAmount":"0.80","changePercent":"1.50%"},{"company":"PREMIERBAN","lastTrade":"10.90","changeAmount":"-0.10","changePercent":"-0.91%"},{"company":"PREMIERCEM","lastTrade":"98.50","changeAmount":"-0.90","changePercent":"-0.91%"},{"company":"PREMIERLEA","lastTrade":"10.00","changeAmount":"0.10","changePercent":"1.01%"},{"company":"PRIME1ICBA","lastTrade":"5.90","changeAmount":"0.40","changePercent":"7.27%"},{"company":"PRIMEBANK","lastTrade":"24.10","changeAmount":"0.10","changePercent":"0.42%"},{"company":"PRIMEFIN","lastTrade":"25.40","changeAmount":"0.10","changePercent":"0.40%"},{"company":"PRIMEINSUR","lastTrade":"31.70","changeAmount":"-0.10","changePercent":"-0.31%"},{"company":"PRIMELIFE","lastTrade":"103.00","changeAmount":"-2.20","changePercent":"-2.09%"},{"company":"PRIMETEX","lastTrade":"26.40","changeAmount":"-0.60","changePercent":"-2.22%"},{"company":"PROVATIINS","lastTrade":"28.50","changeAmount":"0.00","changePercent":"0.00%"},{"company":"PTL","lastTrade":"53.90","changeAmount":"-1.30","changePercent":"-2.36%"},{"company":"PUBALIBANK","lastTrade":"31.80","changeAmount":"0.10","changePercent":"0.32%"},{"company":"PURABIGEN","lastTrade":"26.40","changeAmount":"0.10","changePercent":"0.38%"},{"company":"QSMDRYCELL","lastTrade":"39.20","changeAmount":"0.10","changePercent":"0.26%"},{"company":"RAHIMAFOOD","lastTrade":"65.80","changeAmount":"-4.60","changePercent":"-6.53%"},{"company":"RAHIMTEXT","lastTrade":"231.10","changeAmount":"-6.50","changePercent":"-2.74%"},{"company":"RAKCERAMIC","lastTrade":"52.10","changeAmount":"-0.30","changePercent":"-0.57%"},{"company":"RANFOUNDRY","lastTrade":"95.10","changeAmount":"-1.00","changePercent":"-1.04%"},{"company":"RDFOOD","lastTrade":"27.30","changeAmount":"-0.30","changePercent":"-1.09%"},{"company":"RENATA","lastTrade":"726.80","changeAmount":"0.00","changePercent":"0.00%"},{"company":"REPUBLIC","lastTrade":"43.90","changeAmount":"-0.50","changePercent":"-1.13%"},{"company":"RNSPIN","lastTrade":"37.30","changeAmount":"-0.60","changePercent":"-1.58%"},{"company":"RUPALIBANK","lastTrade":"65.80","changeAmount":"1.00","changePercent":"1.54%"},{"company":"RUPALIINS","lastTrade":"33.70","changeAmount":"0.00","changePercent":"0.00%"},{"company":"RUPALILIFE","lastTrade":"111.80","changeAmount":"0.00","changePercent":"0.00%"},{"company":"SAFKOSPINN","lastTrade":"30.50","changeAmount":"-0.80","changePercent":"-2.56%"},{"company":"SAIHAMCOT","lastTrade":"25.30","changeAmount":"-0.30","changePercent":"-1.17%"},{"company":"SAIHAMTEX","lastTrade":"29.00","changeAmount":"-0.30","changePercent":"-1.02%"},{"company":"SALAMCRST","lastTrade":"48.50","changeAmount":"0.00","changePercent":"0.00%"},{"company":"SALVOCHEM","lastTrade":"24.30","changeAmount":"-0.60","changePercent":"-2.41%"},{"company":"SAMATALETH","lastTrade":"19.70","changeAmount":"1.70","changePercent":"9.44%"},{"company":"SAMORITA","lastTrade":"86.20","changeAmount":"-1.60","changePercent":"-1.82%"},{"company":"SANDHANINS","lastTrade":"71.00","changeAmount":"-0.70","changePercent":"-0.98%"},{"company":"SAPORTL","lastTrade":"29.90","changeAmount":"-0.40","changePercent":"-1.32%"},{"company":"SEBL1STMF","lastTrade":"7.90","changeAmount":"-0.10","changePercent":"-1.25%"},{"company":"SHAHJABANK","lastTrade":"16.60","changeAmount":"0.00","changePercent":"0.00%"},{"company":"SHYAMPSUG","lastTrade":"7.50","changeAmount":"-0.50","changePercent":"-6.25%"},{"company":"SIBL","lastTrade":"13.10","changeAmount":"-0.10","changePercent":"-0.76%"},{"company":"SINGERBD","lastTrade":"188.90","changeAmount":"-1.60","changePercent":"-0.84%"},{"company":"SINOBANGLA","lastTrade":"29.20","changeAmount":"-0.70","changePercent":"-2.34%"},{"company":"SONALIANSH","lastTrade":"128.00","changeAmount":"-3.10","changePercent":"-2.36%"},{"company":"SONARBAINS","lastTrade":"24.80","changeAmount":"-0.10","changePercent":"-0.40%"},{"company":"SONARGAON","lastTrade":"20.20","changeAmount":"-0.40","changePercent":"-1.94%"},{"company":"SOUTHEASTB","lastTrade":"17.70","changeAmount":"-0.10","changePercent":"-0.56%"},{"company":"SPCERAMICS","lastTrade":"18.60","changeAmount":"0.10","changePercent":"0.54%"},{"company":"SPPCL","lastTrade":"61.60","changeAmount":"-0.10","changePercent":"-0.16%"},{"company":"SQUARETEXT","lastTrade":"91.00","changeAmount":"-0.40","changePercent":"-0.44%"},{"company":"SQURPHARMA","lastTrade":"190.00","changeAmount":"-1.00","changePercent":"-0.52%"},{"company":"STANDARINS","lastTrade":"39.50","changeAmount":"0.10","changePercent":"0.25%"},{"company":"STANDBANKL","lastTrade":"14.30","changeAmount":"-0.10","changePercent":"-0.69%"},{"company":"SUMITPOWER","lastTrade":"37.40","changeAmount":"-0.30","changePercent":"-0.80%"},{"company":"SUNLIFEINS","lastTrade":"57.10","changeAmount":"-0.70","changePercent":"-1.21%"},{"company":"TAKAFULINS","lastTrade":"37.80","changeAmount":"-0.80","changePercent":"-2.07%"},{"company":"TALLUSPIN","lastTrade":"37.70","changeAmount":"-1.10","changePercent":"-2.84%"},{"company":"TITASGAS","lastTrade":"73.20","changeAmount":"0.20","changePercent":"0.27%"},{"company":"TRUSTB1MF","lastTrade":"7.30","changeAmount":"0.00","changePercent":"0.00%"},{"company":"TRUSTBANK","lastTrade":"20.00","changeAmount":"-0.10","changePercent":"-0.50%"},{"company":"UCBL","lastTrade":"24.60","changeAmount":"-0.10","changePercent":"-0.40%"},{"company":"ULC","lastTrade":"31.20","changeAmount":"-0.30","changePercent":"-0.95%"},{"company":"UNIONCAP","lastTrade":"29.30","changeAmount":"-0.30","changePercent":"-1.01%"},{"company":"UNIQUEHRL","lastTrade":"77.70","changeAmount":"0.20","changePercent":"0.26%"},{"company":"UNITEDAIR","lastTrade":"16.70","changeAmount":"0.00","changePercent":"0.00%"},{"company":"USMANIAGL","lastTrade":"141.10","changeAmount":"-0.20","changePercent":"-0.14%"},{"company":"UTTARABANK","lastTrade":"30.80","changeAmount":"-0.30","changePercent":"-0.96%"},{"company":"UTTARAFIN","lastTrade":"79.00","changeAmount":"0.00","changePercent":"0.00%"},{"company":"ZAHINTEX","lastTrade":"27.30","changeAmount":"-0.70","changePercent":"-2.50%"}]